Position,File,Title,Description,Created At,Connected At,Updated At,ID
1,1_s-l300-jpg.jpg,s-l300.jpg,"",2021-03-27 05:37:44 UTC,2021-03-27 05:37:44 UTC,2021-03-27 05:37:46 UTC,11342179
2,2_1-1495352403759-jpg.jpg,1-1495352403759.jpg,"",2021-03-27 05:37:44 UTC,2021-03-27 05:37:44 UTC,2021-03-27 05:37:47 UTC,11342180
3,3_0002105407-jpeg.jpg,0002105407.jpeg,"",2021-03-27 05:37:58 UTC,2021-03-27 05:37:58 UTC,2021-03-27 05:37:59 UTC,11342181
4,4_evdf2dauyaecnrb-jpg.jpg,evdf2dauyaecnrb.jpg,"",2021-03-27 05:38:19 UTC,2021-03-27 05:38:19 UTC,2022-01-24 18:36:03 UTC,11342183
5,5_evdf2daviaigjxg-jpg.jpg,evdf2daviaigjxg.jpg,"",2021-03-27 05:38:29 UTC,2021-03-27 05:38:29 UTC,2021-03-31 09:54:10 UTC,11342184
6,6_5-jpg.jpg,5.jpg,"",2021-03-27 05:39:40 UTC,2021-03-27 05:39:40 UTC,2021-03-27 05:39:41 UTC,11342192
7,7_3-jpg.jpg,3.jpg,"",2021-03-27 05:39:40 UTC,2021-03-27 05:39:40 UTC,2021-03-27 05:39:41 UTC,11342193
8,8_1-jpg.jpg,1.jpg,"",2021-03-27 05:39:40 UTC,2021-03-27 05:39:40 UTC,2021-03-27 05:39:41 UTC,11342194
9,9_16-jpg.jpg,16.jpg,"",2021-03-27 05:39:41 UTC,2021-03-27 05:39:41 UTC,2021-03-27 05:39:42 UTC,11342199
9,9_6-jpg.jpg,6.jpg,"",2021-03-27 05:39:41 UTC,2021-03-27 05:39:41 UTC,2021-03-27 05:39:42 UTC,11342198
9,9_8-jpg.jpg,8.jpg,"",2021-03-27 05:39:41 UTC,2021-03-27 05:39:41 UTC,2021-03-27 05:39:42 UTC,11342197
9,9_jpg.jpg,.jpg,"",2021-03-27 05:39:40 UTC,2021-03-27 05:39:41 UTC,2021-03-27 05:39:42 UTC,11342196
10,10_19-jpg.jpg,19.jpg,"",2021-03-27 05:39:41 UTC,2021-03-27 05:39:41 UTC,2021-03-27 05:39:43 UTC,11342206
10,10_2-jpg.jpg,2.jpg,"",2021-03-27 05:39:41 UTC,2021-03-27 05:39:41 UTC,2021-03-27 05:39:43 UTC,11342205
10,10_15-jpg.jpg,15.jpg,"",2021-03-27 05:39:41 UTC,2021-03-27 05:39:41 UTC,2021-03-27 05:39:42 UTC,11342204
10,10_13-jpg.jpg,13.jpg,"",2021-03-27 05:39:41 UTC,2021-03-27 05:39:41 UTC,2021-03-27 05:39:44 UTC,11342202
10,10_17-jpg.jpg,17.jpg,"",2021-03-27 05:39:41 UTC,2021-03-27 05:39:41 UTC,2021-03-27 05:39:42 UTC,11342203
10,10_12-jpg.jpg,12.jpg,"",2021-03-27 05:39:41 UTC,2021-03-27 05:39:41 UTC,2021-03-27 05:39:42 UTC,11342200
10,10_4-jpg.jpg,4.jpg,"",2021-03-27 05:39:41 UTC,2021-03-27 05:39:41 UTC,2021-03-27 05:39:42 UTC,11342201
11,11_31-jpg.jpg,31.jpg,"",2021-03-27 05:39:42 UTC,2021-03-27 05:39:42 UTC,2021-03-27 05:39:44 UTC,11342212
11,11_21-jpg.jpg,21.jpg,"",2021-03-27 05:39:42 UTC,2021-03-27 05:39:42 UTC,2021-03-27 05:39:44 UTC,11342210
11,11_25-jpg.jpg,25.jpg,"",2021-03-27 05:39:42 UTC,2021-03-27 05:39:42 UTC,2021-03-27 05:39:45 UTC,11342209
11,11_23-jpg.jpg,23.jpg,"",2021-03-27 05:39:42 UTC,2021-03-27 05:39:42 UTC,2021-03-27 05:39:44 UTC,11342211
11,11_20-jpg.jpg,20.jpg,"",2021-03-27 05:39:41 UTC,2021-03-27 05:39:41 UTC,2021-03-27 05:39:44 UTC,11342207
11,11_9-jpg.jpg,9.jpg,"",2021-03-27 05:39:41 UTC,2021-03-27 05:39:41 UTC,2021-03-27 05:39:44 UTC,11342208
12,12_26-jpg.jpg,26.jpg,"",2021-03-27 05:39:42 UTC,2021-03-27 05:39:42 UTC,2021-09-19 01:16:47 UTC,11342214
12,12_18-jpg.jpg,18.jpg,"",2021-03-27 05:39:42 UTC,2021-03-27 05:39:42 UTC,2021-03-27 05:39:46 UTC,11342213
13,13_35-jpg.jpg,35.jpg,"",2021-03-27 05:39:43 UTC,2021-03-27 05:39:43 UTC,2021-03-27 05:39:48 UTC,11342224
13,13_32-jpg.jpg,32.jpg,"",2021-03-27 05:39:43 UTC,2021-03-27 05:39:43 UTC,2021-03-27 05:39:48 UTC,11342223
13,13_29-jpg.jpg,29.jpg,"",2021-03-27 05:39:43 UTC,2021-03-27 05:39:43 UTC,2021-03-27 05:39:48 UTC,11342220
13,13_22-jpg.jpg,22.jpg,"",2021-03-27 05:39:43 UTC,2021-03-27 05:39:43 UTC,2021-03-27 05:39:49 UTC,11342222
13,13_24-jpg.jpg,24.jpg,"",2021-03-27 05:39:43 UTC,2021-03-27 05:39:43 UTC,2021-03-27 05:39:48 UTC,11342221
13,13_760414290-jpg.jpg,760414290.jpg,"",2021-03-27 05:39:43 UTC,2021-03-27 05:39:43 UTC,2021-03-27 05:39:47 UTC,11342219
13,13_43-jpg.jpg,43.jpg,"",2021-03-27 05:39:42 UTC,2021-03-27 05:39:42 UTC,2021-03-27 05:39:47 UTC,11342217
13,13_10-jpg.jpg,10.jpg,"",2021-03-27 05:39:42 UTC,2021-03-27 05:39:42 UTC,2021-03-27 05:39:47 UTC,11342218
13,13_28-jpg.jpg,28.jpg,"",2021-03-27 05:39:42 UTC,2021-03-27 05:39:42 UTC,2021-03-27 05:39:47 UTC,11342215
13,13_14-jpg.jpg,14.jpg,"",2021-03-27 05:39:42 UTC,2021-03-27 05:39:42 UTC,2021-03-27 05:39:47 UTC,11342216
14,14_36-jpg.jpg,36.jpg,"",2021-03-27 05:39:44 UTC,2021-03-27 05:39:45 UTC,2021-03-27 05:39:50 UTC,11342233
14,14_27-jpg.jpg,27.jpg,"",2021-03-27 05:39:44 UTC,2021-03-27 05:39:44 UTC,2021-03-27 05:39:50 UTC,11342234
14,14_7-jpg.jpg,7.jpg,"",2021-03-27 05:39:44 UTC,2021-03-27 05:39:44 UTC,2021-03-27 05:39:50 UTC,11342232
14,14_760414284-jpg.jpg,760414284.jpg,"",2021-03-27 05:39:44 UTC,2021-03-27 05:39:44 UTC,2021-03-27 05:39:50 UTC,11342231
14,14_38-jpg.jpg,38.jpg,"",2021-03-27 05:39:43 UTC,2021-03-27 05:39:44 UTC,2021-03-27 05:39:50 UTC,11342230
14,14_11-jpg.jpg,11.jpg,"",2021-03-27 05:39:43 UTC,2021-03-27 05:39:43 UTC,2021-11-05 00:07:16 UTC,11342229
14,14_41-jpg.jpg,41.jpg,"",2021-03-27 05:39:43 UTC,2021-03-27 05:39:43 UTC,2021-03-27 05:39:49 UTC,11342227
14,14_39-jpg.jpg,39.jpg,"",2021-03-27 05:39:43 UTC,2021-03-27 05:39:43 UTC,2022-01-24 18:35:47 UTC,11342228
14,14_37-jpg.jpg,37.jpg,"",2021-03-27 05:39:43 UTC,2021-03-27 05:39:43 UTC,2021-03-27 05:39:48 UTC,11342226
14,14_33-jpg.jpg,33.jpg,"",2021-03-27 05:39:43 UTC,2021-03-27 05:39:43 UTC,2021-03-27 05:39:49 UTC,11342225
15,15_15-2-jpg.jpg,15-2-.jpg,"",2021-03-27 05:39:47 UTC,2021-03-27 05:39:47 UTC,2021-03-27 05:39:51 UTC,11342239
15,15_44-jpg.jpg,44.jpg,"",2021-03-27 05:39:46 UTC,2021-03-27 05:39:46 UTC,2022-01-24 18:35:53 UTC,11342238
15,15_34-jpg.jpg,34.jpg,"",2021-03-27 05:39:46 UTC,2021-03-27 05:39:46 UTC,2021-09-19 01:16:30 UTC,11342237
15,15_42-jpg.jpg,42.jpg,"",2021-03-27 05:39:45 UTC,2021-03-27 05:39:46 UTC,2021-03-27 05:39:50 UTC,11342235
16,16_30-jpg.jpg,30.jpg,"",2021-03-27 05:39:49 UTC,2021-03-27 05:39:49 UTC,2021-03-27 05:39:51 UTC,11342240
17,17_jpg.jpg,.jpg,"",2021-03-27 05:39:51 UTC,2021-03-27 05:39:51 UTC,2021-03-27 05:39:52 UTC,11342241
18,18_220215942-jpg.jpg,220215942.jpg,"",2021-03-27 05:40:03 UTC,2021-03-27 05:40:03 UTC,2021-03-27 05:40:07 UTC,11342243
19,19_220208953-jpg.jpg,220208953.jpg,"",2021-03-27 05:40:03 UTC,2021-03-27 05:40:03 UTC,2021-03-27 05:40:07 UTC,11342244
20,20_1092270992-jpg.jpg,1092270992.jpg,"",2021-03-27 05:40:04 UTC,2021-03-27 05:40:04 UTC,2021-03-27 05:40:07 UTC,11342245
21,21_1082683814-jpg.jpg,1082683814.jpg,"",2021-03-27 05:40:04 UTC,2021-03-27 05:40:05 UTC,2021-03-27 05:40:07 UTC,11342246
22,22_1030187684-jpg.jpg,1030187684.jpg,"",2021-03-27 05:40:12 UTC,2021-03-27 05:40:12 UTC,2021-03-27 05:40:13 UTC,11342248
22,22_851929126-jpg.jpg,851929126.jpg,"",2021-03-27 05:40:12 UTC,2021-03-27 05:40:12 UTC,2022-01-24 18:35:41 UTC,11342249
22,22_1030188384-jpg.jpg,1030188384.jpg,"",2021-03-27 05:40:12 UTC,2021-03-27 05:40:12 UTC,2022-01-24 18:32:56 UTC,11342247
23,23_1030185323-jpg.jpg,1030185323.jpg,"",2021-03-27 05:40:12 UTC,2021-03-27 05:40:13 UTC,2021-03-27 05:40:13 UTC,11342250
24,24_1030185701-jpg.jpg,1030185701.jpg,"",2021-03-27 05:40:13 UTC,2021-03-27 05:40:13 UTC,2021-03-27 05:40:13 UTC,11342252
24,24_186126342-jpg.jpg,186126342.jpg,"",2021-03-27 05:40:13 UTC,2021-03-27 05:40:13 UTC,2021-03-27 05:40:13 UTC,11342251
25,25_611311_1-jpg.jpg,611311_1.jpg,"",2021-03-27 05:40:17 UTC,2021-03-27 05:40:17 UTC,2021-04-01 05:35:29 UTC,11342255
25,25_611434_3-jpg.jpg,611434_3.jpg,"",2021-03-27 05:40:17 UTC,2021-03-27 05:40:17 UTC,2021-04-14 23:49:25 UTC,11342254
25,25_610063_1-jpg.jpg,610063_1.jpg,"",2021-03-27 05:40:17 UTC,2021-03-27 05:40:17 UTC,2021-04-14 23:49:28 UTC,11342253
26,26_610129_2-jpg.jpg,610129_2.jpg,"",2021-03-27 05:40:17 UTC,2021-03-27 05:40:17 UTC,2021-04-14 23:49:26 UTC,11342256
27,27_080642-1-webp.webp,080642-1.webp,"",2021-03-27 05:40:23 UTC,2021-03-27 05:40:23 UTC,2021-03-27 05:40:24 UTC,11342257
28,28_em50kgevoaioitg-jpg.jpg,em50kgevoaioitg.jpg,"",2021-03-27 05:40:26 UTC,2021-03-27 05:40:26 UTC,2021-03-27 05:40:29 UTC,11342258
29,29_dscn7401-jpg.jpg,dscn7401.jpg,"",2021-03-27 05:40:28 UTC,2021-03-27 05:40:28 UTC,2021-06-03 08:48:22 UTC,11342259
30,30_i-img898x1198-1609853625vzote226342-jpg.jpg,i-img898x1198-1609853625vzote226342.jpg,"",2021-03-27 05:40:48 UTC,2021-03-27 05:40:48 UTC,2021-03-27 05:40:49 UTC,11342261
31,31_s-l1600-jpg.jpg,s-l1600.jpg,"",2021-03-27 05:40:51 UTC,2021-03-27 05:40:51 UTC,2021-04-08 11:22:30 UTC,11342262
32,32_1082683814-jpg.jpg,1082683814.jpg,"",2021-03-27 05:41:29 UTC,2021-03-27 05:41:29 UTC,2021-03-27 05:41:30 UTC,11342264
33,33_186158220-jpg.jpg,186158220.jpg,"",2021-03-27 05:41:43 UTC,2021-03-27 05:41:43 UTC,2021-03-27 05:41:44 UTC,11342265
34,34_i-img500x281-1580821825pdc0ua13720-jpg.jpg,i-img500x281-1580821825pdc0ua13720.jpg,"",2021-03-27 05:42:30 UTC,2021-03-27 05:42:30 UTC,2021-04-14 23:49:22 UTC,11342270
35,35_i-img540x540-1609079874qfewwl124-jpg.jpg,i-img540x540-1609079874qfewwl124.jpg,"",2021-03-27 05:42:32 UTC,2021-03-27 05:42:32 UTC,2021-03-27 05:42:33 UTC,11342271
36,36_i-img800x1200-1609351088wmtgss1732512-jpg.jpg,i-img800x1200-1609351088wmtgss1732512.jpg,"",2021-03-27 05:42:36 UTC,2021-03-27 05:42:36 UTC,2021-03-27 05:42:37 UTC,11342272
37,37_jfif.jpg,.jfif,"",2021-03-27 05:42:45 UTC,2021-03-27 05:42:45 UTC,2021-03-27 05:42:46 UTC,11342273
38,38_20140424-2-jpg.jpg,20140424-2.jpg,"",2021-03-27 05:42:52 UTC,2021-03-27 05:42:52 UTC,2021-03-27 05:42:54 UTC,11342274
39,39_arm_00ooooo00pon16_t_g-img896x1200-158402434....jpg,arm_00ooooo00pon16_t_g-img896x1200-1584024349rl7iz128694.jpg,"",2021-03-27 05:42:59 UTC,2021-03-27 05:42:59 UTC,2021-04-01 05:35:19 UTC,11342275
40,40_blue88mask-img482x600-1507671918quonce20244-jpg.jpg,blue88mask-img482x600-1507671918quonce20244.jpg,"",2021-03-27 05:43:04 UTC,2021-03-27 05:43:04 UTC,2021-03-27 05:43:05 UTC,11342276
41,41_egertk5ucaamdug-jpg.jpg,egertk5ucaamdug.jpg,"",2021-03-27 05:43:09 UTC,2021-03-27 05:43:09 UTC,2021-04-14 23:49:14 UTC,11342277
42,42_i-img900x1200-16017140740h4go01036765-jpg.jpg,i-img900x1200-16017140740h4go01036765.jpg,"",2021-03-27 05:43:21 UTC,2021-03-27 05:43:22 UTC,2021-03-27 05:43:24 UTC,11342278
43,43_i-img679x509-1564610122bwlsdy318187-jpg.jpg,i-img679x509-1564610122bwlsdy318187.jpg,"",2021-03-27 05:43:23 UTC,2021-03-27 05:43:23 UTC,2021-03-27 05:43:24 UTC,11342279
44,44_i-img800x1200-16050868982zulvo1128331-jpg.jpg,i-img800x1200-16050868982zulvo1128331.jpg,"",2021-03-27 05:43:24 UTC,2021-03-27 05:43:24 UTC,2021-03-27 05:43:25 UTC,11342280
45,45_i-img1198x898-1596934472cmcqvg2166462-jpg.jpg,i-img1198x898-1596934472cmcqvg2166462.jpg,"",2021-03-27 05:43:27 UTC,2021-03-27 05:43:27 UTC,2021-03-27 05:43:30 UTC,11342281
46,46_i-img1198x898-1596934472mcel4g2166462-jpg.jpg,i-img1198x898-1596934472mcel4g2166462.jpg,"",2021-03-27 05:43:28 UTC,2021-03-27 05:43:28 UTC,2021-03-27 05:43:30 UTC,11342282
47,47_i-img900x1200-1607652920qyxevi6135-jpg.jpg,i-img900x1200-1607652920qyxevi6135.jpg,"",2021-03-27 05:43:29 UTC,2021-03-27 05:43:29 UTC,2021-03-27 05:43:31 UTC,11342283
48,48_i-img1200x900-16044958407hjoce762501-jpg.jpg,i-img1200x900-16044958407hjoce762501.jpg,"",2021-03-27 05:43:34 UTC,2021-03-27 05:43:34 UTC,2021-03-27 05:43:35 UTC,11342284
49,49_i-img1200x1200-1604140415er0owj295159-jpg.jpg,i-img1200x1200-1604140415er0owj295159.jpg,"",2021-03-27 05:43:36 UTC,2021-03-27 05:43:36 UTC,2021-03-27 05:43:36 UTC,11342285
50,50_isj7dm1gndstdc1000000000-webp.webp,isj7dm1gndstdc1000000000.webp,"",2021-03-27 05:43:44 UTC,2021-03-27 05:43:44 UTC,2021-04-14 23:49:04 UTC,11342286
50,50_isjbwrl739y0zc0000000000-webp.webp,isjbwrl739y0zc0000000000.webp,"",2021-03-27 05:43:45 UTC,2021-03-27 05:43:45 UTC,2021-03-27 05:43:46 UTC,11342287
51,51_isjnh86buv9rqg0000000000-webp.webp,isjnh86buv9rqg0000000000.webp,"",2021-03-27 05:43:45 UTC,2021-03-27 05:43:45 UTC,2021-03-27 05:43:46 UTC,11342290
51,51_isnut9m654poge0000000000-webp.webp,isnut9m654poge0000000000.webp,"",2021-03-27 05:43:45 UTC,2021-03-27 05:43:45 UTC,2021-04-14 23:49:06 UTC,11342289
51,51_is3zv23fzt5ypk0000000000-webp.webp,is3zv23fzt5ypk0000000000.webp,"",2021-03-27 05:43:45 UTC,2021-03-27 05:43:45 UTC,2021-04-14 23:49:01 UTC,11342288
52,52_isvwcc9utw4e170000000000-webp.webp,isvwcc9utw4e170000000000.webp,"",2021-03-27 05:43:45 UTC,2021-03-27 05:43:45 UTC,2021-04-14 23:48:59 UTC,11342291
53,53_you_craft-img640x1070-1517307453catpmw15944-jpg.jpg,you_craft-img640x1070-1517307453catpmw15944.jpg,"",2021-03-27 05:43:52 UTC,2021-03-27 05:43:52 UTC,2021-03-27 05:43:55 UTC,11342292
54,54_yuka-png.png,yuka.png,"",2021-03-27 05:43:53 UTC,2021-03-27 05:43:53 UTC,2021-03-27 05:43:55 UTC,11342293
55,55_i-img900x1200-16017140740h4go01036765-jpg.jpg,i-img900x1200-16017140740h4go01036765.jpg,"",2021-03-27 05:44:28 UTC,2021-03-27 05:44:28 UTC,2021-06-03 08:48:14 UTC,11342296
56,56_i-img900x900-1603261467h9h0sb54254-jpg.jpg,i-img900x900-1603261467h9h0sb54254.jpg,"",2021-03-27 05:44:28 UTC,2021-03-27 05:44:28 UTC,2021-03-27 05:44:32 UTC,11342297
56,56_i-img900x1200-1607652920qyxevi6135-jpg.jpg,i-img900x1200-1607652920qyxevi6135.jpg,"",2021-03-27 05:44:29 UTC,2021-03-27 05:44:29 UTC,2021-03-27 05:44:32 UTC,11342303
56,56_i-img575x600-1581808847qazjg8179904-jpg.jpg,i-img575x600-1581808847qazjg8179904.jpg,"",2021-03-27 05:44:29 UTC,2021-03-27 05:44:29 UTC,2021-03-27 05:44:32 UTC,11342304
56,56_i-img675x1200-1599530006zedadk3668590-jpg.jpg,i-img675x1200-1599530006zedadk3668590.jpg,"",2021-03-27 05:44:29 UTC,2021-03-27 05:44:29 UTC,2021-03-27 05:44:32 UTC,11342305
56,56_i-img898x1198-160705008649jjnx844873-jpg.jpg,i-img898x1198-160705008649jjnx844873.jpg,"",2021-03-27 05:44:28 UTC,2021-03-27 05:44:28 UTC,2021-03-27 05:44:31 UTC,11342302
56,56_i-img679x509-1564610122bwlsdy318187-jpg.jpg,i-img679x509-1564610122bwlsdy318187.jpg,"",2021-03-27 05:44:28 UTC,2021-03-27 05:44:28 UTC,2021-03-27 05:44:31 UTC,11342301
56,56_i-img640x480-1607271664fhxjvz756101-jpg.jpg,i-img640x480-1607271664fhxjvz756101.jpg,"",2021-03-27 05:44:28 UTC,2021-03-27 05:44:28 UTC,2021-03-27 05:44:31 UTC,11342300
57,57_eimfkyzvgayia0-jpg.jpg,eimfkyzvgayia0-.jpg,"",2021-03-27 05:44:36 UTC,2021-03-27 05:44:36 UTC,2021-03-27 05:44:37 UTC,11342306
58,58_elzxwyyu4aam7kg-jpg.jpg,elzxwyyu4aam7kg.jpg,"",2021-03-27 05:44:44 UTC,2021-03-27 05:44:44 UTC,2021-03-27 05:44:46 UTC,11342308
59,59_elzuroxu8aev-in-jpg.jpg,elzuroxu8aev-in.jpg,"",2021-03-27 05:44:44 UTC,2021-03-27 05:44:44 UTC,2021-03-27 05:44:47 UTC,11342309
60,60_598px-th06disc-jpg.jpg,598px-th06disc.jpg,"",2021-03-27 06:07:43 UTC,2021-03-27 06:07:44 UTC,2021-03-27 06:07:46 UTC,11342376
61,61_0158_-g601-1000-jpg.jpg,0158_-g601-.1000.jpg,"",2021-03-27 06:07:54 UTC,2021-03-27 06:07:54 UTC,2021-03-27 06:07:55 UTC,11342377
62,62_0047_-ov2502-3-7-1000-jpg.jpg,0047_-ov2502-3-7-.1000.jpg,"",2021-03-27 06:07:55 UTC,2021-03-27 06:07:55 UTC,2021-03-27 06:07:56 UTC,11342378
63,63_i-img600x600-1616231915se2j1b95073-jpg.jpg,i-img600x600-1616231915se2j1b95073.jpg,"",2021-03-27 06:08:07 UTC,2021-03-27 06:08:07 UTC,2021-03-27 06:08:08 UTC,11342379
64,64_214001824-jpg.jpg,214001824.jpg,"",2021-03-27 06:08:09 UTC,2021-03-27 06:08:09 UTC,2021-03-27 06:08:12 UTC,11342380
65,65_blue88mask-img482x600-1507671918quonce20244-jpg.jpg,blue88mask-img482x600-1507671918quonce20244.jpg,"",2021-03-27 06:08:37 UTC,2021-03-27 06:08:37 UTC,2021-03-27 06:08:37 UTC,11342382
66,66_2334210199987-02-webp.webp,2334210199987-02.webp,"",2021-03-27 06:09:48 UTC,2021-03-27 06:09:48 UTC,2021-03-27 06:09:50 UTC,11342389
66,66_1120072200-jpg.jpg,1120072200.jpg,"",2021-03-27 06:09:48 UTC,2021-03-27 06:09:48 UTC,2021-03-27 06:09:50 UTC,11342388
66,66_1125385342-jpg.jpg,1125385342.jpg,"",2021-03-27 06:09:48 UTC,2021-03-27 06:09:48 UTC,2021-03-27 06:18:59 UTC,11342387
67,67_1109511724-jpg.jpg,1109511724.jpg,"",2021-03-27 06:09:48 UTC,2021-03-27 06:09:48 UTC,2021-03-27 06:09:51 UTC,11342390
68,68_i-img640x480-1608627102uefrcg17003-jpg.jpg,i-img640x480-1608627102uefrcg17003.jpg,"",2021-03-27 06:10:03 UTC,2021-03-27 06:10:03 UTC,2021-03-27 06:10:03 UTC,11342392
69,69_0-1588698749445-jpg.jpg,0-1588698749445.jpg,"",2021-03-27 06:10:20 UTC,2021-03-27 06:10:20 UTC,2021-03-27 06:10:24 UTC,11342394
70,70_10038663a-jpg.jpg,10038663a.jpg,"",2021-03-27 06:10:25 UTC,2021-03-27 06:10:25 UTC,2021-06-03 08:48:04 UTC,11342395
71,71_1363731986-jpg.jpg,1363731986.jpg,"",2021-03-27 06:10:31 UTC,2021-03-27 06:10:31 UTC,2021-03-27 06:10:34 UTC,11342396
72,72_is3bluui9zrr940000000000-webp.webp,is3bluui9zrr940000000000.webp,"",2021-03-27 06:10:50 UTC,2021-03-27 06:10:50 UTC,2021-04-14 23:48:49 UTC,11342398
72,72_is3nikexzf6ibg1000000000-webp.webp,is3nikexzf6ibg1000000000.webp,"",2021-03-27 06:10:49 UTC,2021-03-27 06:10:50 UTC,2021-04-14 23:48:51 UTC,11342397
73,73_isf8ryzzduuftd0000000000-webp.webp,isf8ryzzduuftd0000000000.webp,"",2021-03-27 06:10:50 UTC,2021-03-27 06:10:50 UTC,2021-04-14 23:48:47 UTC,11342400
73,73_isfwt4ly92cogj1000000000-webp.webp,isfwt4ly92cogj1000000000.webp,"",2021-03-27 06:10:50 UTC,2021-03-27 06:10:50 UTC,2021-03-27 06:10:52 UTC,11342399
74,74_is76ocg6pa6iyi1000000000-webp.webp,is76ocg6pa6iyi1000000000.webp,"",2021-03-27 06:10:50 UTC,2021-03-27 06:10:50 UTC,2021-04-14 23:48:35 UTC,11342403
74,74_ise0datogc6axq1000000000-webp.webp,ise0datogc6axq1000000000.webp,"",2021-03-27 06:10:50 UTC,2021-03-27 06:10:50 UTC,2021-04-14 23:48:35 UTC,11342404
74,74_is729a5vbmrzzb1000000000-webp.webp,is729a5vbmrzzb1000000000.webp,"",2021-03-27 06:10:50 UTC,2021-03-27 06:10:50 UTC,2021-04-14 23:48:43 UTC,11342402
74,74_isj7dm1gndstdc1000000000-webp.webp,isj7dm1gndstdc1000000000.webp,"",2021-03-27 06:10:50 UTC,2021-03-27 06:10:50 UTC,2021-04-14 23:48:44 UTC,11342401
75,75_isnai79b7gxush1000000000-webp.webp,isnai79b7gxush1000000000.webp,"",2021-03-27 06:10:51 UTC,2021-03-27 06:10:51 UTC,2021-04-14 23:48:38 UTC,11342405
76,76_isugo21h1ysuhp1000000000-webp.webp,isugo21h1ysuhp1000000000.webp,"",2021-03-27 06:10:59 UTC,2021-03-27 06:10:59 UTC,2021-04-14 23:48:39 UTC,11342406
77,77_isrh628i2fitbb1000000000-webp.webp,isrh628i2fitbb1000000000.webp,"",2021-03-27 06:10:59 UTC,2021-03-27 06:10:59 UTC,2021-04-14 23:48:41 UTC,11342407
78,78_isznwkbgzhnrbh1000000000-webp.webp,isznwkbgzhnrbh1000000000.webp,"",2021-03-27 06:11:00 UTC,2021-03-27 06:11:00 UTC,2021-04-14 23:48:30 UTC,11342409
78,78_isvkfaoeoagrzb1000000000-webp.webp,isvkfaoeoagrzb1000000000.webp,"",2021-03-27 06:10:59 UTC,2021-03-27 06:11:00 UTC,2021-04-14 23:48:31 UTC,11342408
79,79_isrhmmmn1jxw8e0000000000-webp.webp,isrhmmmn1jxw8e0000000000.webp,"",2021-03-27 06:11:00 UTC,2021-03-27 06:11:00 UTC,2021-04-14 23:48:29 UTC,11342410
80,80_s-l640-jpg.jpg,s-l640.jpg,"",2021-03-27 06:11:10 UTC,2021-03-27 06:11:10 UTC,2021-06-03 08:47:58 UTC,11342411
81,81_i-img1189x1200-1585219654if14r71330060-jpg.jpg,i-img1189x1200-1585219654if14r71330060.jpg,"",2021-03-27 06:11:21 UTC,2021-03-27 06:11:21 UTC,2021-03-27 07:06:31 UTC,11342412
82,82_i-img600x930-1540845406sbv3vo1724763-jpg.jpg,i-img600x930-1540845406sbv3vo1724763.jpg,"",2021-03-27 06:11:23 UTC,2021-03-27 06:11:23 UTC,2021-03-27 06:11:25 UTC,11342413
83,83_easdj3avaaa4sua-jpg.jpg,easdj3avaaa4sua.jpg,"",2021-03-27 06:11:40 UTC,2021-03-27 06:11:40 UTC,2021-04-01 05:35:02 UTC,11342416
84,84_il_1588xn-2712640762_dm6h-jpg.jpg,il_1588xn.2712640762_dm6h.jpg,"",2021-03-27 06:11:57 UTC,2021-03-27 06:11:57 UTC,2021-03-27 14:01:47 UTC,11342418
85,85_is3btghx7zhz0r0000000000-webp.webp,is3btghx7zhz0r0000000000.webp,"",2021-03-27 06:12:00 UTC,2021-03-27 06:12:00 UTC,2021-04-14 23:48:24 UTC,11342419
86,86_2-jpg.jpg,2.jpg,"",2021-03-27 06:12:35 UTC,2021-03-27 06:12:35 UTC,2021-03-27 06:12:36 UTC,11342422
87,87_r7sqett-jpg.jpg,r7sqett.jpg,"",2021-03-27 06:12:37 UTC,2021-03-27 06:12:37 UTC,2021-11-05 00:07:14 UTC,11342423
88,88_futari_no_aniyome_box_dvd-jpg.jpg,futari_no_aniyome_box_dvd.jpg,"",2021-03-27 06:38:46 UTC,2021-03-27 06:38:46 UTC,2021-03-27 06:38:47 UTC,11342529
89,89_comp0108-jpg.jpg,comp0108.jpg,"",2021-03-27 06:38:47 UTC,2021-03-27 06:38:47 UTC,2021-03-27 06:38:49 UTC,11342530
90,90_comp200103-jpg.jpg,comp200103.jpg,"",2021-03-27 06:38:48 UTC,2021-03-27 06:38:48 UTC,2021-04-08 11:22:08 UTC,11342531
91,91_comp200102-jpg.jpg,comp200102.jpg,"",2021-03-27 06:38:48 UTC,2021-03-27 06:38:48 UTC,2021-09-19 01:15:46 UTC,11342532
92,92_com0109-jpg.jpg,com0109.jpg,"",2021-03-27 06:38:50 UTC,2021-03-27 06:38:50 UTC,2021-03-27 06:38:52 UTC,11342534
93,93_firefox_k3x0wmn4j4-png.png,firefox_k3x0wmn4j4.png,"",2021-03-27 06:38:57 UTC,2021-03-27 06:38:57 UTC,2021-03-27 06:38:59 UTC,11342535
94,94_0301269457496-webp.webp,0301269457496.webp,"",2021-03-27 09:26:06 UTC,2021-03-27 09:26:06 UTC,2021-03-27 09:26:07 UTC,11342958
95,95_evikofruuaq_tna-png.png,evikofruuaq_tna.png,"",2021-03-27 09:27:26 UTC,2021-03-27 09:27:26 UTC,2021-11-05 00:07:19 UTC,11342962
96,96_erriodivgaii7wg-jpg.jpg,erriodivgaii7wg.jpg,"",2021-03-27 09:29:05 UTC,2021-03-27 09:29:05 UTC,2021-03-27 09:29:07 UTC,11342972
97,97_eq2kyg4uyaa6_t8-png.png,eq2kyg4uyaa6_t8.png,"",2021-03-27 09:29:16 UTC,2021-03-27 09:29:16 UTC,2021-03-27 09:29:18 UTC,11342974
98,98_embx_ieu4aazitx-jpg.jpg,embx_ieu4aazitx.jpg,"",2021-03-27 09:30:40 UTC,2021-03-27 09:30:41 UTC,2021-03-27 09:30:41 UTC,11342982
99,99_010048971917-webp.webp,010048971917.webp,"",2021-03-27 09:32:21 UTC,2021-03-27 09:32:21 UTC,2021-03-27 09:32:23 UTC,11342987
100,100_01007368120-jpg.jpg,01007368120.jpg,"",2021-03-27 09:32:38 UTC,2021-03-27 09:32:38 UTC,2021-03-27 09:32:39 UTC,11342988
101,101_tumblr_ppav4gb1qk1v4f6aoo1_640-jpg.jpg,tumblr_ppav4gb1qk1v4f6aoo1_640.jpg,"",2021-03-27 09:32:39 UTC,2021-03-27 09:32:39 UTC,2021-06-03 08:47:50 UTC,11342989
102,102_01070022443-jpg.jpg,01070022443.jpg,"",2021-03-27 09:33:25 UTC,2021-03-27 09:33:25 UTC,2021-03-27 09:33:27 UTC,11342994
103,103_i-img1200x1200-1616827152j5yab0684411-jpg.jpg,i-img1200x1200-1616827152j5yab0684411.jpg,"",2021-03-27 09:36:13 UTC,2021-03-27 09:36:13 UTC,2021-03-27 09:36:15 UTC,11343000
104,104_i-img1200x1200-161682732470ggzw66752-jpg.jpg,i-img1200x1200-161682732470ggzw66752.jpg,"",2021-03-27 09:37:26 UTC,2021-03-27 09:37:26 UTC,2021-03-27 09:37:29 UTC,11343010
105,105_1176410387-jpg.jpg,1176410387.jpg,"",2021-03-27 09:37:56 UTC,2021-03-27 09:37:56 UTC,2021-03-27 09:37:57 UTC,11343011
106,106_1176410267-jpg.jpg,1176410267.jpg,"",2021-03-27 09:37:57 UTC,2021-03-27 09:37:57 UTC,2021-03-27 09:37:59 UTC,11343012
107,107_02002805160-jpg.jpg,02002805160.jpg,"",2021-03-27 22:59:44 UTC,2021-03-27 22:59:44 UTC,2021-03-27 22:59:45 UTC,11348962
108,108_0301605532311-jpg.jpg,0301605532311.jpg,"",2021-03-27 23:00:59 UTC,2021-03-27 23:00:59 UTC,2021-03-27 23:01:00 UTC,11348967
108,108_0301605084420-webp.webp,0301605084420.webp,"",2021-03-27 23:00:59 UTC,2021-03-27 23:00:59 UTC,2021-03-27 23:01:03 UTC,11348968
109,109_01004643930-webp.webp,01004643930.webp,"",2021-03-27 23:04:03 UTC,2021-03-27 23:04:03 UTC,2021-03-27 23:04:08 UTC,11348989
110,110_01005107720-jpg.jpg,01005107720.jpg,"",2021-03-27 23:04:04 UTC,2021-03-27 23:04:04 UTC,2022-01-24 18:35:20 UTC,11348990
111,111_01014984680-jpg.jpg,01014984680.jpg,"",2021-03-27 23:04:06 UTC,2021-03-27 23:04:06 UTC,2021-03-27 23:04:08 UTC,11348991
112,112_01005108453-jpg.jpg,01005108453.jpg,"",2021-03-27 23:04:31 UTC,2021-03-27 23:04:31 UTC,2021-03-27 23:04:33 UTC,11348995
113,113_01005251180-jpg.jpg,01005251180.jpg,"",2021-03-27 23:06:00 UTC,2021-03-27 23:06:00 UTC,2021-03-27 23:06:02 UTC,11349006
114,114_01004838881-jpg.jpg,01004838881.jpg,"",2021-03-27 23:06:00 UTC,2021-03-27 23:06:01 UTC,2021-03-27 23:06:02 UTC,11349007
115,115_030126946826-webp.webp,030126946826.webp,"",2021-03-27 23:08:19 UTC,2021-03-27 23:08:19 UTC,2021-03-27 23:08:21 UTC,11349025
116,116_0301269469153-jpg.jpg,0301269469153.jpg,"",2021-03-27 23:08:19 UTC,2021-03-27 23:08:19 UTC,2021-03-27 23:08:21 UTC,11349026
117,117_0301267680174-jpg.jpg,0301267680174.jpg,"",2021-03-27 23:08:20 UTC,2021-03-27 23:08:20 UTC,2021-03-27 23:08:21 UTC,11349027
118,118_030126946780-webp.webp,030126946780.webp,"",2021-03-27 23:10:26 UTC,2021-03-27 23:10:26 UTC,2021-03-27 23:10:27 UTC,11349061
119,119_0301269469142-jpg.jpg,0301269469142.jpg,"",2021-03-27 23:10:26 UTC,2021-03-27 23:10:26 UTC,2021-03-27 23:10:27 UTC,11349062
120,120_0301267680278-jpg.jpg,0301267680278.jpg,"",2021-03-27 23:11:20 UTC,2021-03-27 23:11:20 UTC,2021-03-27 23:11:21 UTC,11349072
121,121_03004378210-jpg.jpg,03004378210.jpg,"",2021-03-27 23:26:34 UTC,2021-03-27 23:26:34 UTC,2021-03-27 23:26:35 UTC,11349157
122,122_030015979617-webp.webp,030015979617.webp,"",2021-03-28 00:02:08 UTC,2021-03-28 00:02:08 UTC,2021-03-28 00:02:10 UTC,11349419
123,123_extnhytxiaaycvf-jpg.jpg,extnhytxiaaycvf.jpg,"",2021-03-30 06:17:40 UTC,2021-03-30 06:17:40 UTC,2021-03-30 06:17:40 UTC,11379537
124,124_z103-06-02-jpg.jpg,z103-06-02.jpg,"",2021-04-01 05:45:52 UTC,2021-04-01 05:45:52 UTC,2021-04-01 05:48:25 UTC,11413093
125,125_1146967589-jpg.jpg,1146967589.jpg,"",2021-04-03 05:30:48 UTC,2021-04-03 05:30:48 UTC,2021-04-03 05:30:50 UTC,11438842
126,126_etkxplmxuacs3uq-jpg.jpg,etkxplmxuacs3uq.jpg,"",2021-04-03 05:43:55 UTC,2021-04-03 05:43:55 UTC,2021-06-03 08:48:49 UTC,11438890
127,127_exislrdwyaavjgc-jpg.jpg,exislrdwyaavjgc.jpg,"",2021-04-03 05:44:21 UTC,2021-04-03 05:44:22 UTC,2021-04-03 05:44:23 UTC,11438892
128,128_eyc4ihmw8amzsbn-jpg.jpg,eyc4ihmw8amzsbn.jpg,"",2021-04-03 11:47:50 UTC,2021-04-03 11:47:50 UTC,2021-06-03 08:48:47 UTC,11440253
129,129_zhore92622-jpg.jpg,zhore92622.jpg,"",2021-04-05 07:12:32 UTC,2021-04-05 07:12:32 UTC,2021-04-05 07:12:33 UTC,11455862
130,130_i-img1024x912-1613913330alwz4h146902-jpg.jpg,i-img1024x912-1613913330alwz4h146902.jpg,"",2021-04-05 07:27:21 UTC,2021-04-05 07:27:21 UTC,2021-04-05 07:27:21 UTC,11455930
131,131_image0-jpg.jpg,image0.jpg,"",2021-04-06 09:35:20 UTC,2021-04-06 09:35:20 UTC,2021-04-06 09:35:21 UTC,11473388
132,132_9848747136_1656c9ed5f-jpg.jpg,9848747136_1656c9ed5f.jpg,"",2021-04-06 09:39:06 UTC,2021-04-06 09:39:06 UTC,2021-04-06 09:39:07 UTC,11473414
133,133_224115482-jpg.jpg,224115482.jpg,"",2021-04-14 23:54:59 UTC,2021-04-14 23:54:59 UTC,2022-01-24 18:34:36 UTC,11590959
134,134_1194100205-jpg.jpg,1194100205.jpg,"",2021-04-19 03:15:47 UTC,2021-04-19 03:15:47 UTC,2021-04-19 03:15:50 UTC,11636046
135,135_ck_qatj7-png.png,ck_qatj7.png,"",2021-04-19 03:15:48 UTC,2021-04-19 03:15:48 UTC,2021-04-19 03:15:49 UTC,11636047
136,136_wlitjt3f-png.png,wlitjt3f.png,"",2021-04-19 03:15:48 UTC,2021-04-19 03:15:48 UTC,2021-06-03 08:48:43 UTC,11636048
137,137_1189957420-jpg.jpg,1189957420.jpg,"",2021-04-19 04:47:42 UTC,2021-04-19 04:47:42 UTC,2021-04-19 04:47:43 UTC,11636724
138,138_g3344163-jpg.jpg,g3344163.jpg,"",2021-04-19 04:47:42 UTC,2021-04-19 04:47:42 UTC,2021-04-19 04:47:44 UTC,11636725
139,139_1185452913-jpg.jpg,1185452913.jpg,"",2021-04-19 04:47:42 UTC,2021-04-19 04:47:42 UTC,2021-04-19 04:47:44 UTC,11636726
140,140_1189953280-jpg.jpg,1189953280.jpg,"",2021-04-19 04:47:43 UTC,2021-04-19 04:47:43 UTC,2021-04-19 04:47:44 UTC,11636727
141,141_685398893-jpg.jpg,685398893.jpg,"",2021-04-19 04:47:43 UTC,2021-04-19 04:47:44 UTC,2021-04-19 04:47:45 UTC,11636728
142,142_i-img1200x1200-1567898366lcumxa789127-jpg.jpg,i-img1200x1200-1567898366lcumxa789127.jpg,"",2021-04-19 04:47:45 UTC,2021-04-19 04:47:45 UTC,2021-04-19 04:47:47 UTC,11636729
143,143_1141196902-jpg.jpg,1141196902.jpg,"",2021-04-19 07:12:45 UTC,2021-04-19 07:12:45 UTC,2021-04-19 07:12:47 UTC,11637389
144,144_zhoti87446-jpg.jpg,zhoti87446.jpg,"",2021-04-19 07:12:45 UTC,2021-04-19 07:12:45 UTC,2021-06-03 08:47:39 UTC,11637390
145,145_186106158-jpg.jpg,186106158.jpg,"",2021-04-19 07:12:45 UTC,2021-04-19 07:12:45 UTC,2021-04-19 07:12:47 UTC,11637391
146,146_220187073-jpg.jpg,220187073.jpg,"",2021-04-20 06:09:25 UTC,2021-04-20 06:09:25 UTC,2021-04-20 06:09:26 UTC,11653005
147,147_0-1500820507256-jpg.jpg,0-1500820507256.jpg,"",2021-04-20 06:09:36 UTC,2021-04-20 06:09:36 UTC,2021-04-23 04:02:05 UTC,11653006
148,148_underman-collection-can-official-nylon-park....png,underman-collection-can-official-nylon-parka.png,"",2021-04-23 04:01:15 UTC,2021-04-23 04:01:15 UTC,2021-04-23 04:01:17 UTC,11703806
149,149_00016-kolor-mens-ss19-vogue-2019-pr-jpg.jpg,00016-kolor-mens-ss19-vogue-2019-pr.jpg,"",2021-04-23 04:01:16 UTC,2021-04-23 04:01:16 UTC,2021-04-23 04:01:18 UTC,11703807
150,150_mexjqqm-png.png,mexjqqm.png,"",2021-04-23 04:01:17 UTC,2021-04-23 04:01:17 UTC,2021-04-23 04:01:18 UTC,11703808
151,151_kdtwxn9-png.png,kdtwxn9.png,"",2021-04-23 04:01:19 UTC,2021-04-23 04:01:19 UTC,2021-04-23 04:01:20 UTC,11703809
152,152_tumblr_oxvysczdup1u627p3o1_1280-jpg.jpg,tumblr_oxvysczdup1u627p3o1_1280.jpg,"",2021-04-23 04:01:20 UTC,2021-04-23 04:01:20 UTC,2021-04-23 04:01:39 UTC,11703810
153,153_4-in_case-scan1044-png.png,4-in_case-scan1044.png,"",2021-04-23 04:01:20 UTC,2021-04-23 04:01:20 UTC,2021-04-23 04:01:22 UTC,11703811
154,154_m31223907441_1-jpg.jpg,m31223907441_1.jpg,"",2021-04-23 04:01:22 UTC,2021-04-23 04:01:22 UTC,2022-04-09 20:36:50 UTC,11703812
155,155_album_cover_scan0801-png.png,album_cover_scan0801.png,"",2021-04-23 04:01:23 UTC,2021-04-23 04:01:23 UTC,2021-11-05 00:07:23 UTC,11703813
156,156_m84240371976_2-jpg.jpg,m84240371976_2.jpg,"",2021-04-23 04:01:23 UTC,2021-04-23 04:01:23 UTC,2021-04-23 04:01:24 UTC,11703814
157,157_i-img1024x768-1618557355sdwkzq20421-jpg.jpg,i-img1024x768-1618557355sdwkzq20421.jpg,"",2021-04-23 04:01:26 UTC,2021-04-23 04:01:26 UTC,2021-04-23 04:01:27 UTC,11703818
158,158_kopaka-png.png,kopaka.png,"",2021-09-18 05:03:19 UTC,2021-09-18 05:03:19 UTC,2021-09-18 05:03:20 UTC,13216840
159,159_020043287634-jpg.jpg,020043287634.jpg,"",2021-09-18 05:03:19 UTC,2021-09-18 05:03:19 UTC,2021-11-05 00:07:23 UTC,13216841
160,160_02278222380-webp.webp,02278222380.webp,"",2021-09-18 05:03:22 UTC,2021-09-18 05:03:22 UTC,2021-09-18 05:03:23 UTC,13216842
161,161_02012572924-webp.webp,02012572924.webp,"",2021-09-18 05:03:23 UTC,2021-09-18 05:03:23 UTC,2021-09-18 05:03:24 UTC,13216843
162,162_0000103768_2-webp.webp,0000103768_2.webp,"",2021-09-18 05:03:34 UTC,2021-09-18 05:03:34 UTC,2021-09-18 05:03:36 UTC,13216845
163,163_egg-_april_2011-jpg.jpg,egg-_april_2011.jpg,"",2021-09-18 05:03:41 UTC,2021-09-18 05:03:41 UTC,2021-09-18 05:03:43 UTC,13216847
164,164_yohji-jpg.jpg,yohji.jpg,"",2021-09-18 05:04:12 UTC,2021-09-18 05:04:12 UTC,2021-09-18 05:04:13 UTC,13216849
165,165_1289592334-jpg.jpg,1289592334.jpg,"",2021-09-18 05:04:23 UTC,2021-09-18 05:04:23 UTC,2021-09-18 05:04:25 UTC,13216851
166,166_756535-jpeg.jpg,756535.jpeg,"",2021-09-18 05:04:41 UTC,2021-09-18 05:04:41 UTC,2022-01-24 18:35:03 UTC,13216855
167,167_130239-jpg.jpg,130239.jpg,"",2021-09-18 05:04:42 UTC,2021-09-18 05:04:42 UTC,2021-09-18 05:04:44 UTC,13216856
168,168_02015436740-webp.webp,02015436740.webp,"",2021-09-18 05:07:42 UTC,2021-09-18 05:07:42 UTC,2021-09-18 05:07:43 UTC,13216867
169,169_020027904618-webp.webp,020027904618.webp,"",2021-09-18 05:10:17 UTC,2021-09-18 05:10:17 UTC,2021-09-20 20:55:18 UTC,13216879
170,170_02002513280-webp.webp,02002513280.webp,"",2021-09-18 05:10:20 UTC,2021-09-18 05:10:20 UTC,2021-09-20 20:55:10 UTC,13216880
171,171_e0lppguxeaa9nx3-jpg.jpg,e0lppguxeaa9nx3.jpg,"",2021-09-18 05:10:33 UTC,2021-09-18 05:10:33 UTC,2021-09-18 05:10:35 UTC,13216881
172,172_tb2qastcgmwq1jjszphxxxcjfxa_-69127851-jpg.jpg,tb2qastcgmwq1jjszphxxxcjfxa_-69127851.jpg,"",2021-09-18 05:11:19 UTC,2021-09-18 05:11:19 UTC,2021-09-18 05:11:21 UTC,13216886
173,173_02014074734525-webp.webp,02014074734525.webp,"",2021-09-18 06:12:19 UTC,2021-09-18 06:12:19 UTC,2021-11-05 00:07:27 UTC,13217086
174,174_02302483833-webp.webp,02302483833.webp,"",2021-09-18 06:12:19 UTC,2021-09-18 06:12:19 UTC,2021-09-19 01:14:53 UTC,13217087
175,175_02014074734534-webp.webp,02014074734534.webp,"",2021-09-18 06:12:19 UTC,2021-09-18 06:12:19 UTC,2022-04-30 14:17:46 UTC,13217088
176,176_02014074734529-webp.webp,02014074734529.webp,"",2021-09-18 06:12:20 UTC,2021-09-18 06:12:20 UTC,2021-09-19 01:14:48 UTC,13217089
177,177_02014074734474-webp.webp,02014074734474.webp,"",2021-09-18 06:17:48 UTC,2021-09-18 06:17:48 UTC,2021-09-19 02:26:55 UTC,13217108
178,178_02014074734461-webp.webp,02014074734461.webp,"",2021-09-18 06:17:48 UTC,2021-09-18 06:17:48 UTC,2021-09-19 01:14:59 UTC,13217109
179,179_020038587810-webp.webp,020038587810.webp,"",2021-09-18 06:17:49 UTC,2021-09-18 06:17:49 UTC,2021-09-18 06:17:50 UTC,13217110
180,180_02014074734410-webp.webp,02014074734410.webp,"",2021-09-18 06:17:53 UTC,2021-09-18 06:17:53 UTC,2021-09-18 06:17:54 UTC,13217111
181,181_image-png.png,image.png,"",2021-09-28 12:42:55 UTC,2021-09-28 12:42:55 UTC,2021-09-28 12:43:01 UTC,13346475
182,182_image-png.png,image.png,"",2021-09-28 12:44:05 UTC,2021-09-28 12:44:05 UTC,2021-09-28 12:44:09 UTC,13346492
183,183_image-png.png,image.png,"",2021-09-28 12:44:57 UTC,2021-09-28 12:44:57 UTC,2021-09-28 12:45:08 UTC,13346501
184,184_image-png.png,image.png,"",2021-09-28 12:45:10 UTC,2021-09-28 12:45:10 UTC,2021-09-28 12:45:14 UTC,13346505
185,185_image-png.png,image.png,"",2021-09-28 12:47:54 UTC,2021-09-28 12:47:54 UTC,2021-09-28 12:47:56 UTC,13346536
186,186_image-png.png,image.png,"",2021-09-28 12:47:59 UTC,2021-09-28 12:47:59 UTC,2021-09-28 12:48:01 UTC,13346537
187,187_image-png.png,image.png,"",2021-09-28 12:50:23 UTC,2021-09-28 12:50:24 UTC,2021-09-28 12:50:30 UTC,13346552
188,188_image-png.png,image.png,"",2021-09-28 12:51:44 UTC,2021-09-28 12:51:44 UTC,2021-09-28 12:51:45 UTC,13346570
189,189_image-png.png,image.png,"",2021-09-28 12:53:51 UTC,2021-09-28 12:53:51 UTC,2021-09-28 12:53:55 UTC,13346580
190,190_image-png.png,image.png,"",2021-09-28 12:54:12 UTC,2021-09-28 12:54:12 UTC,2021-09-28 12:54:31 UTC,13346584
191,191_image-png.png,image.png,"",2021-09-28 12:54:50 UTC,2021-09-28 12:54:50 UTC,2021-09-28 12:54:54 UTC,13346586
192,192_image-png.png,image.png,"",2021-09-28 12:55:40 UTC,2021-09-28 12:55:40 UTC,2021-09-28 12:55:44 UTC,13346593
193,193_image-png.png,image.png,"",2021-09-28 12:56:35 UTC,2021-09-28 12:56:35 UTC,2021-09-28 12:56:38 UTC,13346596
194,194_image-png.png,image.png,"",2021-09-28 12:57:05 UTC,2021-09-28 12:57:05 UTC,2021-09-28 12:57:09 UTC,13346597
195,195_image-png.png,image.png,"",2021-09-28 12:58:02 UTC,2021-09-28 12:58:02 UTC,2021-09-28 12:58:10 UTC,13346605
196,196_image-png.png,image.png,"",2021-09-28 12:58:49 UTC,2021-09-28 12:58:50 UTC,2021-09-28 12:58:53 UTC,13346612
197,197_04package1-jpg.jpg,04package1.jpg,"",2021-09-29 03:14:08 UTC,2021-09-29 03:14:08 UTC,2021-09-29 03:14:15 UTC,13358565
198,198_image-png.png,image.png,"",2021-09-29 05:10:27 UTC,2021-09-29 05:10:27 UTC,2021-09-29 05:10:28 UTC,13359316
199,199_image-png.png,image.png,"",2021-09-29 05:10:35 UTC,2021-09-29 05:10:35 UTC,2021-09-29 05:10:36 UTC,13359317
200,200_image-png.png,image.png,"",2021-09-29 05:10:39 UTC,2021-09-29 05:10:39 UTC,2021-09-29 05:10:40 UTC,13359320
201,201_image-png.png,image.png,"",2022-01-19 22:16:22 UTC,2022-01-19 22:16:22 UTC,2022-01-19 22:16:24 UTC,14782722
202,202_image-png.png,image.png,"",2022-01-19 22:17:09 UTC,2022-01-19 22:17:09 UTC,2022-01-19 22:17:10 UTC,14782733
203,203_image-png.png,image.png,"",2022-01-19 22:21:35 UTC,2022-01-19 22:21:35 UTC,2022-01-19 22:21:36 UTC,14782840
204,204_image-png.png,image.png,"",2022-01-19 22:23:52 UTC,2022-01-19 22:23:52 UTC,2022-01-19 22:23:55 UTC,14782885
205,205_i-img1200x1200-1566316865hjunjp1610647-jpg.jpg,i-img1200x1200-1566316865hjunjp1610647.jpg,"",2022-03-05 21:37:00 UTC,2022-03-05 21:37:01 UTC,2022-03-05 21:37:02 UTC,15451615
206,206_image-png.png,image.png,"",2022-03-05 21:38:04 UTC,2022-03-05 21:38:04 UTC,2022-03-05 21:38:06 UTC,15451619
207,207_i-img750x697-1643286921ydfttn20-jpg.jpg,i-img750x697-1643286921ydfttn20.jpg,"",2022-03-05 21:38:55 UTC,2022-03-05 21:38:55 UTC,2022-03-05 21:38:57 UTC,15451623
208,208_i-img1200x1200-1633508531fmfzbi375885-jpg.jpg,i-img1200x1200-1633508531fmfzbi375885.jpg,"",2022-03-05 21:38:58 UTC,2022-03-05 21:38:58 UTC,2022-03-05 21:38:59 UTC,15451625
209,209_i-img1200x1200-1633508531elbvmw375885-jpg.jpg,i-img1200x1200-1633508531elbvmw375885.jpg,"",2022-03-05 21:39:22 UTC,2022-03-05 21:39:22 UTC,2022-03-05 21:39:24 UTC,15451628
210,210_1467746204-jpg.jpg,1467746204.jpg,"",2022-03-05 21:41:39 UTC,2022-03-05 21:41:39 UTC,2022-03-05 21:41:40 UTC,15451638
211,211_1470485310-jpg.jpg,1470485310.jpg,"",2022-03-05 21:41:39 UTC,2022-03-05 21:41:39 UTC,2022-03-05 21:41:40 UTC,15451639
212,212_i-img500x238-1646450581f62bwn256080-jpg.jpg,i-img500x238-1646450581f62bwn256080.jpg,"",2022-03-05 21:43:38 UTC,2022-03-05 21:43:38 UTC,2022-03-05 21:43:39 UTC,15451647
213,213_9372550dbcf1561ae3a918b1b4811baa-full-webp.webp,9372550dbcf1561ae3a918b1b4811baa-full.webp,"",2022-03-05 21:46:52 UTC,2022-03-05 21:46:52 UTC,2022-03-05 21:46:54 UTC,15451678
214,214_i-img600x450-1612763633sah5g88809-jpg.jpg,i-img600x450-1612763633sah5g88809.jpg,"",2022-03-05 21:47:08 UTC,2022-03-05 21:47:08 UTC,2022-03-05 21:47:10 UTC,15451684
215,215_image-png.png,image.png,"",2022-03-05 21:49:50 UTC,2022-03-05 21:49:50 UTC,2022-03-05 21:49:51 UTC,15451707
216,216_image-png.png,image.png,"",2022-03-05 21:49:56 UTC,2022-03-05 21:49:56 UTC,2022-03-05 21:49:57 UTC,15451708
217,217_i-img1200x1200-1596207473x92msp37992-jpg.jpg,i-img1200x1200-1596207473x92msp37992.jpg,"",2022-03-05 21:51:43 UTC,2022-03-05 21:51:43 UTC,2022-03-05 21:51:45 UTC,15451719
218,218_i-img1200x1200-1596207473fphiey37992-jpg.jpg,i-img1200x1200-1596207473fphiey37992.jpg,"",2022-03-05 21:51:44 UTC,2022-03-05 21:51:44 UTC,2022-03-05 21:51:45 UTC,15451720
219,219_602005116-jpg.jpg,602005116.jpg,"",2022-03-05 21:54:31 UTC,2022-03-05 21:54:31 UTC,2022-03-05 21:54:33 UTC,15451740
220,220_image-png.png,image.png,"",2022-03-06 02:34:15 UTC,2022-03-06 02:34:15 UTC,2022-03-06 02:34:17 UTC,15453310
221,221_image-png.png,image.png,"",2022-03-06 02:37:08 UTC,2022-03-06 02:37:08 UTC,2022-03-06 02:37:09 UTC,15453329
222,222_image-png.png,image.png,"",2022-03-06 02:37:33 UTC,2022-03-06 02:37:33 UTC,2022-03-06 02:37:35 UTC,15453337
223,223_812333859_m-jpg.jpg,812333859_m.jpg,"",2022-03-06 02:40:14 UTC,2022-03-06 02:40:14 UTC,2022-03-06 02:40:15 UTC,15453368
224,224_626ab8a3d6ff0c32d7593e60d2a8a1fc-full-webp.webp,626ab8a3d6ff0c32d7593e60d2a8a1fc-full.webp,"",2022-03-06 02:40:19 UTC,2022-03-06 02:40:19 UTC,2022-03-06 02:40:20 UTC,15453369
225,225_image-png.png,image.png,"",2022-03-06 02:42:26 UTC,2022-03-06 02:42:26 UTC,2022-03-06 02:42:27 UTC,15453389
226,226_image-png.png,image.png,"",2022-03-06 02:43:44 UTC,2022-03-06 02:43:44 UTC,2022-03-06 02:43:45 UTC,15453397
227,227_image-png.png,image.png,"",2022-03-06 02:48:36 UTC,2022-03-06 02:48:37 UTC,2022-03-06 02:48:38 UTC,15453413
228,228_image-png.png,image.png,"",2022-03-06 02:51:05 UTC,2022-03-06 02:51:05 UTC,2022-03-06 02:51:07 UTC,15453421
229,229_i-img888x1200-1645412048pssjes173246-jpg.jpg,i-img888x1200-1645412048pssjes173246.jpg,"",2022-03-06 15:16:10 UTC,2022-03-06 15:16:10 UTC,2022-03-06 15:16:11 UTC,15457326
230,230_image-png.png,image.png,"",2022-03-06 15:21:23 UTC,2022-03-06 15:21:23 UTC,2022-03-06 15:21:25 UTC,15457350
231,231_image-png.png,image.png,"",2022-03-06 15:22:02 UTC,2022-03-06 15:22:02 UTC,2022-03-06 15:22:03 UTC,15457354
232,232_i-img800x582-1558076255gd9lui80-jpg.jpg,i-img800x582-1558076255gd9lui80.jpg,"",2022-03-06 15:23:23 UTC,2022-03-06 15:23:23 UTC,2022-03-06 15:23:24 UTC,15457362
233,233_image-png.png,image.png,"",2022-03-06 15:23:49 UTC,2022-03-06 15:23:49 UTC,2022-03-06 15:23:50 UTC,15457365
234,234_image-png.png,image.png,"",2022-03-06 15:25:25 UTC,2022-03-06 15:25:25 UTC,2022-03-06 15:25:27 UTC,15457371
235,235_image-png.png,image.png,"",2022-03-06 15:31:10 UTC,2022-03-06 15:31:10 UTC,2022-03-06 15:31:12 UTC,15457444
236,236_image-png.png,image.png,"",2022-03-06 15:33:15 UTC,2022-03-06 15:33:15 UTC,2022-03-06 15:33:16 UTC,15457470
237,237_image-png.png,image.png,"",2022-03-06 15:34:30 UTC,2022-03-06 15:34:30 UTC,2022-03-06 15:34:31 UTC,15457477
238,238_image-png.png,image.png,"",2022-03-06 15:34:46 UTC,2022-03-06 15:34:46 UTC,2022-03-06 15:34:48 UTC,15457485
239,239_image-png.png,image.png,"",2022-03-06 15:34:51 UTC,2022-03-06 15:34:51 UTC,2022-03-06 15:34:52 UTC,15457486
240,240_image-png.png,image.png,"",2022-03-06 15:36:32 UTC,2022-03-06 15:36:32 UTC,2022-03-06 15:36:33 UTC,15457491
241,241_image-png.png,image.png,"",2022-03-06 15:37:09 UTC,2022-03-06 15:37:09 UTC,2022-03-06 15:37:10 UTC,15457493
242,242_jungle_emperor_dvd__12_of_13__scan_of_cover....jpg,jungle_emperor_dvd__12_of_13__scan_of_cover__by_messy_mane-d92dw8m.jpg,"",2022-03-06 15:40:48 UTC,2022-03-06 15:40:48 UTC,2022-03-06 15:41:20 UTC,15457533
243,243_image-png.png,image.png,"",2022-03-06 15:42:15 UTC,2022-03-06 15:42:16 UTC,2022-03-06 15:42:17 UTC,15457547
244,244_image-png.png,image.png,"",2022-03-07 05:51:42 UTC,2022-03-07 05:51:43 UTC,2022-03-07 05:52:04 UTC,15464869
245,245_i-img480x480-1646705992ujzunk474199-jpg.jpg,i-img480x480-1646705992ujzunk474199.jpg,"",2022-03-09 09:41:46 UTC,2022-03-09 09:41:46 UTC,2022-03-09 09:42:05 UTC,15503517
246,246_image-png.png,image.png,"",2022-03-09 09:41:57 UTC,2022-03-09 09:41:57 UTC,2022-03-09 09:41:59 UTC,15503522
247,247_image-png.png,image.png,"",2022-03-09 09:45:17 UTC,2022-03-09 09:45:17 UTC,2022-03-09 09:45:18 UTC,15503560
248,248_image-png.png,image.png,"",2022-03-09 09:47:03 UTC,2022-03-09 09:47:04 UTC,2022-03-09 09:47:05 UTC,15503576
249,249_image-png.png,image.png,"",2022-03-09 09:48:10 UTC,2022-03-09 09:48:10 UTC,2022-03-09 09:48:12 UTC,15503586
250,250_image-png.png,image.png,"",2022-03-09 09:49:45 UTC,2022-03-09 09:49:45 UTC,2022-03-09 09:49:47 UTC,15503600
251,251_image-png.png,image.png,"",2022-03-09 10:01:38 UTC,2022-03-09 10:01:38 UTC,2022-03-09 10:01:40 UTC,15503687
252,252_image-png.png,image.png,"",2022-03-09 10:02:16 UTC,2022-03-09 10:02:16 UTC,2022-03-09 10:02:45 UTC,15503688
253,253_image-png.png,image.png,"",2022-03-09 10:03:12 UTC,2022-03-09 10:03:12 UTC,2022-03-09 10:03:13 UTC,15503695
254,254_image-png.png,image.png,"",2022-03-09 10:03:52 UTC,2022-03-09 10:03:52 UTC,2022-03-09 10:03:54 UTC,15503701
255,255_image-png.png,image.png,"",2022-03-09 10:11:04 UTC,2022-03-09 10:11:04 UTC,2022-03-09 10:11:06 UTC,15503753
256,256_image-png.png,image.png,"",2022-03-09 10:11:50 UTC,2022-03-09 10:11:50 UTC,2022-03-09 10:11:52 UTC,15503759
257,257_image-png.png,image.png,"",2022-03-09 10:11:57 UTC,2022-03-09 10:11:57 UTC,2022-03-09 10:11:59 UTC,15503761
258,258_image-png.png,image.png,"",2022-03-09 10:12:47 UTC,2022-03-09 10:12:47 UTC,2022-03-09 10:12:48 UTC,15503771
259,259_image-png.png,image.png,"",2022-03-09 10:13:01 UTC,2022-03-09 10:13:01 UTC,2022-03-09 10:13:02 UTC,15503775
260,260_image-png.png,image.png,"",2022-03-09 10:13:18 UTC,2022-03-09 10:13:18 UTC,2022-03-09 10:13:19 UTC,15503778
261,261_image-png.png,image.png,"",2022-03-09 10:14:15 UTC,2022-03-09 10:14:15 UTC,2022-03-09 10:14:16 UTC,15503784
262,262_image-png.png,image.png,"",2022-03-09 10:14:42 UTC,2022-03-09 10:14:42 UTC,2022-03-09 10:14:43 UTC,15503787
263,263_image-png.png,image.png,"",2022-03-10 00:14:16 UTC,2022-03-10 00:14:16 UTC,2022-03-10 00:14:17 UTC,15514069
264,264_image-png.png,image.png,"",2022-03-11 22:47:15 UTC,2022-03-11 22:47:15 UTC,2022-03-11 22:47:17 UTC,15544725
265,265_02068236850-webp.webp,02068236850.webp,"",2022-03-11 22:49:52 UTC,2022-03-11 22:49:52 UTC,2022-03-11 22:49:53 UTC,15544745
266,266_0000125917_3-webp.webp,0000125917_3.webp,"",2022-03-11 22:49:52 UTC,2022-03-11 22:49:52 UTC,2022-03-11 22:49:53 UTC,15544746
267,267_02230065930-jpg.jpg,02230065930.jpg,"",2022-03-11 22:50:16 UTC,2022-03-11 22:50:16 UTC,2022-03-11 22:50:18 UTC,15544748
268,268_image-png.png,image.png,"",2022-03-11 22:51:34 UTC,2022-03-11 22:51:34 UTC,2022-03-11 22:51:35 UTC,15544760
269,269_image-png.png,image.png,"",2022-03-11 22:52:57 UTC,2022-03-11 22:52:57 UTC,2022-03-11 22:52:58 UTC,15544772
270,270_0000045069_1-jpg.jpg,0000045069_1.jpg,"",2022-03-11 22:54:23 UTC,2022-03-11 22:54:23 UTC,2022-03-11 22:54:24 UTC,15544777
271,271_fpqb-6camacrtte-jpg.jpg,fpqb-6camacrtte.jpg,"",2022-04-07 08:09:15 UTC,2022-04-07 08:09:15 UTC,2022-04-07 08:09:17 UTC,15953972
272,272_fpqchjmakaeszc4-jpg.jpg,fpqchjmakaeszc4.jpg,"",2022-04-07 08:09:28 UTC,2022-04-07 08:09:28 UTC,2022-04-07 08:09:31 UTC,15953974
